{"cameraMode":{"drawMode":0,"name":"Shaded","section":"Shading Mode"},"sceneLighting":false,"audioPlay":false,"sceneViewState":{"m_AlwaysRefresh":false,"showFog":true,"showSkybox":true,"showFlares":true,"showImageEffects":true,"showParticleSystems":true,"showVisualEffectGraphs":true,"m_FxEnabled":true},"in2DMode":false,"pivot":{"x":0.9552247524261475,"y":1.6462408304214478,"z":-0.23858900368213654},"rotation":{"x":-0.04216504469513893,"y":0.5480633974075317,"z":-0.03032800368964672,"w":-0.8351360559463501},"size":2.4733006954193117,"orthographic":false}