{"cameraMode":{"drawMode":0,"name":"Shaded","section":"Shading Mode"},"sceneLighting":false,"audioPlay":false,"sceneViewState":{"m_AlwaysRefresh":false,"showFog":true,"showSkybox":false,"showFlares":true,"showImageEffects":true,"showParticleSystems":true,"showVisualEffectGraphs":true,"m_FxEnabled":true},"in2DMode":false,"pivot":{"x":-0.6624025106430054,"y":7.945384979248047,"z":-0.5014528036117554},"rotation":{"x":-0.04690174758434296,"y":0.9530179500579834,"z":0.21812188625335694,"w":0.20491786301136018},"size":1.5535348653793336,"orthographic":true}