{"cameraMode":{"drawMode":0,"name":"Shaded","section":"Shading Mode"},"sceneLighting":false,"audioPlay":false,"sceneViewState":{"m_AlwaysRefresh":false,"showFog":true,"showSkybox":false,"showFlares":true,"showImageEffects":true,"showParticleSystems":true,"showVisualEffectGraphs":true,"m_FxEnabled":true},"in2DMode":false,"pivot":{"x":-3.7604870796203615,"y":2.738614559173584,"z":3.91127347946167},"rotation":{"x":0.013336715288460255,"y":0.4907359778881073,"z":-0.007517859805375338,"w":0.8711843490600586},"size":3.4374256134033205,"orthographic":false}